<application>
  <component name="ProjectManager">
    <defaultProject>
      <component name="AutoImportSettings">
        <option name="autoReloadType" value="SELECTIVE" />
      </component>
      <component name="ProjectInspectionProfilesVisibleTreeState">
        <entry key="Project Default">
          <profile-state>
            <expanded-state>
              <State>
                <id>Cucumber</id>
              </State>
              <State>
                <id>Docker-compose</id>
              </State>
              <State>
                <id>Dockerfile</id>
              </State>
              <State>
                <id>DotEnv</id>
              </State>
              <State>
                <id>EditorConfig</id>
              </State>
              <State>
                <id>General</id>
              </State>
              <State>
                <id>HTML</id>
              </State>
              <State>
                <id>Internationalization</id>
              </State>
              <State>
                <id>JSON and JSON5</id>
              </State>
              <State>
                <id>Markdown</id>
              </State>
              <State>
                <id>Properties files</id>
              </State>
              <State>
                <id>Python</id>
              </State>
              <State>
                <id>Qodana</id>
              </State>
              <State>
                <id>RELAX NG</id>
              </State>
              <State>
                <id>ReST</id>
              </State>
              <State>
                <id>RegExp</id>
              </State>
              <State>
                <id>Requirements</id>
              </State>
              <State>
                <id>Security</id>
              </State>
              <State>
                <id>SecurityPython</id>
              </State>
              <State>
                <id>Shell script</id>
              </State>
              <State>
                <id>TOML</id>
              </State>
              <State>
                <id>User defined</id>
              </State>
              <State>
                <id>Version control</id>
              </State>
              <State>
                <id>XML</id>
              </State>
              <State>
                <id>YAML</id>
              </State>
            </expanded-state>
            <selected-state>
              <State>
                <id>User defined</id>
              </State>
            </selected-state>
          </profile-state>
        </entry>
      </component>
      <component name="ProjectRootManager" version="2" project-jdk-name="Python 3.9 (.venv)" project-jdk-type="Python SDK" />
      <component name="PropertiesComponent"><![CDATA[{
  "keyToString": {
    "settings.editor.selected.configurable": "editor.preferences.import"
  }
}]]></component>
      <component name="PyConsoleOptionsProvider">
        <option name="myPythonConsoleState">
          <console-settings is-module-sdk="true">
            <option name="myUseModuleSdk" value="true" />
          </console-settings>
        </option>
      </component>
      <component name="TaskManager">
        <task active="true" id="Default" summary="Default task">
          <created>1738815201182</created>
          <option name="number" value="Default" />
          <option name="presentableId" value="Default" />
          <updated>1738815201182</updated>
        </task>
        <servers />
      </component>
      <component name="VcsDirectoryMappings" defaultProject="true" />
      <component name="WindowStateProjectService">
        <state x="265" y="120" key="SettingsEditor" timestamp="1738815210765">
          <screen x="0" y="38" width="1512" height="868" />
        </state>
        <state x="265" y="120" key="SettingsEditor/0.38.1512.868" timestamp="1738815210765" />
      </component>
      <component name="masterDetails">
        <states>
          <state key="ScopeChooserConfigurable.UI">
            <settings>
              <splitter-proportions>
                <option name="proportions">
                  <list>
                    <option value="0.49492386" />
                  </list>
                </option>
              </splitter-proportions>
            </settings>
          </state>
        </states>
      </component>
    </defaultProject>
  </component>
</application>