<application>
  <component name="Trusted.Paths">
    <option name="TRUSTED_PROJECT_PATHS">
      <map>
        <entry key="$USER_HOME$/Desktop/AppicsResearch" value="true" />
        <entry key="$USER_HOME$/Desktop/Developement" value="true" />
        <entry key="$USER_HOME$/Desktop/Developement/ApiDevelopement" value="true" />
        <entry key="$USER_HOME$/Desktop/Developement/Deep/pythonProject1" value="true" />
        <entry key="$USER_HOME$/Desktop/Developement/WF Requests" value="true" />
        <entry key="$USER_HOME$/Desktop/Developement/backenddevelopment" value="true" />
        <entry key="$USER_HOME$/Desktop/MONEPROINV/python-test-automation-boilerplate" value="true" />
        <entry key="$USER_HOME$/Desktop/Mobile-App-Automation" value="true" />
        <entry key="$USER_HOME$/Desktop/PracticePython" value="true" />
        <entry key="$USER_HOME$/Desktop/Repository/SSH/ecsc-test-suite" value="true" />
        <entry key="$USER_HOME$/Desktop/Repository/e2e-tests" value="true" />
        <entry key="$USER_HOME$/Desktop/Repository/mlr-app-test-suite" value="true" />
        <entry key="$USER_HOME$/Desktop/Repository/pfizer-for-all-test-suite" value="true" />
        <entry key="$USER_HOME$/Desktop/Repository/pfizerforall-testsuite" value="true" />
        <entry key="$USER_HOME$/Desktop/Repository/python-test-automation-boilerplate" value="true" />
        <entry key="$USER_HOME$/Desktop/ai-test-gen-api" value="true" />
        <entry key="$USER_HOME$/Desktop/ai-test-gen-plugin" value="true" />
        <entry key="$USER_HOME$/Desktop/api1" value="true" />
        <entry key="$USER_HOME$/Desktop/insomnia-cookies-ui-automation-main" value="true" />
        <entry key="$USER_HOME$/Desktop/llama" value="true" />
        <entry key="$USER_HOME$/Desktop/llama-gpt" value="true" />
        <entry key="$USER_HOME$/Desktop/mlclm" value="true" />
        <entry key="$USER_HOME$/Desktop/newton-app-ritmo-continuo-hybrid/e2e/automated-tests/tests" value="true" />
        <entry key="$USER_HOME$/Desktop/newton-app-velocity-hybrid" value="true" />
        <entry key="$USER_HOME$/Desktop/python-test-automation-boilerplate" value="true" />
        <entry key="$USER_HOME$/Desktop/python-testguild-test-automation" value="true" />
        <entry key="$USER_HOME$/Desktop/pythonProject" value="true" />
        <entry key="$USER_HOME$/Desktop/spaces-test-suite" value="true" />
        <entry key="$USER_HOME$/Desktop/spaces-test-suite-package" value="true" />
        <entry key="$USER_HOME$/PycharmProjects/ThreadProgramming" value="true" />
        <entry key="$USER_HOME$/PycharmProjects/innovation-api-wrapper" value="true" />
        <entry key="$USER_HOME$/PycharmProjects/pythonPractice" value="true" />
        <entry key="$USER_HOME$/PycharmProjects/pythonProject" value="true" />
        <entry key="$USER_HOME$/PycharmProjects/pythonProject1" value="true" />
        <entry key="$USER_HOME$/PycharmProjects/ritmo" value="true" />
      </map>
    </option>
  </component>
  <component name="Trusted.Paths.Settings">
    <option name="TRUSTED_PATHS">
      <list>
        <option value="$USER_HOME$/Desktop" />
      </list>
    </option>
  </component>
</application>