<application>
  <component name="DimensionService">
    <location key="find.popup.0.0.3024.1964@192dpi" x="792" y="468" />
    <size key="GridCell.Tab.0.left.0.0.3024.1964@192dpi" width="2860" height="494" />
    <size key="GridCell.Tab.0.center.0.0.3024.1964@192dpi" width="2860" height="494" />
    <size key="GridCell.Tab.0.right.0.0.3024.1964@192dpi" width="2860" height="494" />
    <size key="GridCell.Tab.0.bottom.0.0.3024.1964@192dpi" width="2860" height="494" />
    <size key="GridCell.Tab.1.left.0.0.3024.1964@192dpi" width="2860" height="710" />
    <size key="GridCell.Tab.1.center.0.0.3024.1964@192dpi" width="2860" height="710" />
    <size key="GridCell.Tab.1.right.0.0.3024.1964@192dpi" width="2860" height="710" />
    <size key="GridCell.Tab.1.bottom.0.0.3024.1964@192dpi" width="2860" height="710" />
    <size key="find.popup.0.0.3024.1964@192dpi" width="1298" height="1112" />
  </component>
  <component name="WindowManager">
    <frame x="0" y="58" width="1512" height="847" />
  </component>
  <component name="WindowStateApplicationService">
    <state width="748" height="283" key="ShowUsagesActions.dimensionServiceKey" timestamp="1737538539395">
      <screen x="0" y="38" width="1512" height="868" />
    </state>
    <state width="748" height="283" key="ShowUsagesActions.dimensionServiceKey/0.38.1512.868" timestamp="1737538539395" />
    <state x="756" y="471" width="800" height="862" key="WELCOME_SCREEN" timestamp="1738815530778">
      <screen x="0" y="38" width="1512" height="868" />
    </state>
    <state x="756" y="471" width="800" height="862" key="WELCOME_SCREEN/0.38.1512.868" timestamp="1738815530778" />
    <state x="756" y="449" width="800" height="723" key="WELCOME_SCREEN/0.38.1512.873" timestamp="1735315351742" />
    <state x="756" y="454" width="800" height="732" key="WELCOME_SCREEN/0.38.1512.884" timestamp="1730958474941" />
  </component>
</application>