<profile version="1.0">
  <option name="myName" value="Default" />
  <inspection_tool class="PyPackageRequirementsInspection" enabled="true" level="WARNING" enabled_by_default="true">
    <option name="ignoredPackages">
      <value>
        <list size="7">
          <item index="0" class="java.lang.String" itemvalue="pytest-html" />
          <item index="1" class="java.lang.String" itemvalue="python-dotenv" />
          <item index="2" class="java.lang.String" itemvalue="selenium" />
          <item index="3" class="java.lang.String" itemvalue="Faker" />
          <item index="4" class="java.lang.String" itemvalue="pyclean" />
          <item index="5" class="java.lang.String" itemvalue="Appium-Python-Client" />
          <item index="6" class="java.lang.String" itemvalue="pytest-bdd" />
        </list>
      </value>
    </option>
  </inspection_tool>
</profile>